<?xml version='1.0' encoding='UTF-8' ?>
<timeLogEntries>
  <time id="1" path="/Tarea Integradora 1/new/PSP0/Planning" start="@1599846422591" delta="410" />
  <time id="2" path="/Tarea Integradora 1/new/PSP0/Design" start="@1600368745258" delta="63" />
  <time id="3" path="/Tarea Integradora 1/new/PSP0/Test" start="@1600372526923" delta="76" />
  <time id="4" path="/Tarea Integradora 1/new/PSP0/Test" start="@1600381110613" delta="61" />
  <time id="5" path="/Tarea Integradora 1/new/PSP0/Code" start="@1600384783355" delta="3" />
  <time id="6" path="/Tarea Integradora 1/new/PSP0/Test" start="@1600384955774" delta="8" />
  <time id="7" path="/Tarea Integradora 1/new/PSP0/Design" start="@1600386558488" delta="66" />
  <time id="8" path="/Tarea Integradora 1/new/PSP0/Code" start="@1600452030190" delta="57" />
  <time id="9" path="/Tarea Integradora 1/new/PSP0/Code" start="@1600880285285" delta="62" />
  <time id="10" path="/Tarea Integradora 1/new/PSP0/Test" start="@1600911122155" delta="87" />
  <time id="11" path="/Tarea Integradora 1/new/PSP0/Code" start="@1600918888448" delta="68" />
  <time id="12" path="/Tarea Integradora 1/new/PSP0/Test" start="@1601108688646" delta="85" />
  <time id="13" path="/Tarea Integradora 1/new/PSP0/Code" start="@1601113802229" delta="483" />
  <time id="14" path="/Tarea Integradora 1/new/PSP0/Code" start="@1601163633251" delta="142" />
  <time id="15" path="/Tarea Integradora 1/new/PSP0/Test" start="@1601259228294" delta="132" />
  <time id="16" path="/Tarea Integradora 1/new/PSP0/Code" start="@1601267163540" delta="117" />
  <time id="17" path="/Tarea Integradora 1/new/PSP0/Code" start="@1601280348617" delta="480" />
  <time id="18" path="/Tarea Integradora 1/new/PSP0/Design" start="@1601367043170" delta="348" />
  <time id="19" path="/Tarea Integradora 1/new/PSP0/Code" start="@1601503752107" delta="127" />
  <time id="20" path="/Tarea Integradora 1/new/PSP0/Compile" start="@1601511393758" delta="16" />
  <time id="21" path="/Tarea Integradora 1/new/PSP0/Code" start="@1601512368435" delta="3" />
</timeLogEntries>
