<?xml version='1.0' encoding='UTF-8' ?>
<timeLogEntries>
  <time id="1" path="/Tarea Integradora 1/new/PSP0/Planning" start="@1600381104428" delta="36" interrupt="5" />
  <time id="2" path="/Tarea Integradora 1/new/PSP0/Planning" start="@1600383901528" delta="6" />
  <time id="3" path="/Tarea Integradora 1/new/PSP0/Planning" start="@1600400868048" delta="16" />
  <time id="4" path="/Tarea Integradora 1/new/PSP0/Design" start="@1600401845320" delta="30" interrupt="1099" />
  <time id="5" path="/Tarea Integradora 1/new/PSP0/Design" start="@1600787921895" delta="19" interrupt="4" />
  <time id="6" path="/Tarea Integradora 1/new/PSP0/Design" start="@1600789883250" delta="14" />
  <time id="7" path="/Tarea Integradora 1/new/PSP0/Design" start="@1600796120467" delta="5" interrupt="349" />
  <time id="8" path="/Tarea Integradora 1/new/PSP0/Code" start="@1600880145139" delta="129" />
  <time id="9" path="/Tarea Integradora 1/new/PSP0/Code" start="@1600893416663" delta="5" />
  <time id="10" path="/Tarea Integradora 1/new/PSP0/Code" start="@1600917223730" delta="27" />
  <time id="11" path="/Tarea Integradora 1/new/PSP0/Code" start="@1600922925528" delta="27" />
  <time id="12" path="/Tarea Integradora 1/new/PSP0/Code" start="@1601149981400" delta="47" />
</timeLogEntries>
